{
  "description": "if grow up to 1% for 1 min then buy. Sell if +3%, sell if -5%.",
  "amount": -499.6457122279321,
  "successRate": 16.793893129770993,
  "tradeCount": 131,
  "successfulTransactionsNumber": 22,
  "unsuccessfulTransactionsNumber": 109,
  "buyedCoins": {
    "CELOBUSD": 168.9419795221843,
    "MAGICBUSD": 154.80844409695075,
    "WOOBUSD": 715.3179190751446,
    "SFPBUSD": 196.31171921475314,
    "VETBUSD": 5383.360522022838,
    "DGBBUSD": 11161.217587373168,
    "ALPACABUSD": 395.5253695565321,
    "DEXEBUSD": 41.25,
    "LTCBUSD": 1.4283653152503246,
    "ETCBUSD": 5.666857469948483,
    "XLMBUSD": 1248.423707440101,
    "ICXBUSD": 606.2461726883038,
    "ONTBUSD": 556.8053993250843,
    "CTSIBUSD": 904.1095890410959,
    "MKRBUSD": 0.17247386759581881,
    "BLZBUSD": 1630.9719934102143,
    "RSRBUSD": 27363.18407960199,
    "AVAXBUSD": 7.758620689655173,
    "ALPHABUSD": 1104.9107142857142,
    "NEARBUSD": 64.96062992125984,
    "UNFIBUSD": 23.141654978962134,
    "ROSEBUSD": 2418.1729360039085,
    "GRTBUSD": 1607.142857142857,
    "SHIBBUSD": 11484918.79350348,
    "FLOWBUSD": 117.15976331360947,
    "GALABUSD": 4370.860927152318,
    "JASMYBUSD": 27918.781725888322,
    "GMTBUSD": 279.9773755656108,
    "GALBUSD": 74.4920993227991,
    "FILBUSD": 25.66096423017107,
    "OGBUSD": 37.65690376569037,
    "WAVESBUSD": 59.1044776119403,
    "LRCBUSD": 427.64578833693304,
    "IOTABUSD": 552.1472392638037,
    "TORNBUSD": 20.711297071129707,
    "CREAMBUSD": 8.284518828451883,
    "QTUMBUSD": 42.47104247104247,
    "BURGERBUSD": 178.37837837837836,
    "ARBUSD": 12.11750305997552,
    "CVCBUSD": 1019.5674562306899,
    "AKROBUSD": 36802.97397769517,
    "ELFBUSD": 701.6300496102056,
    "SRMBUSD": 505.90219224283305,
    "NEBLBUSD": 64.79057591623037,
    "RENBUSD": 1185.7849537064765,
    "MCBUSD": 279.66101694915255,
    "BETABUSD": 1419.7619389072136,
    "HARDBUSD": 654.7619047619047,
    "ARKBUSD": 343.9888811674774,
    "STRAXBUSD": 217.10526315789474,
    "DOCKBUSD": 6420.23346303502,
    "TBUSD": 5789.473684210526,
    "BARBUSD": 27.966101694915253,
    "SANTOSBUSD": 16.998626373626376,
    "ASRBUSD": 38.047655649500385,
    "XVGBUSD": 38823.529411764706,
    "OMGBUSD": 89.4308943089431,
    "RAYBUSD": 606.9895769466585,
    "WRXBUSD": 659.1211717709721,
    "TVKBUSD": 2964.0718562874254,
    "FETBUSD": 1005.0761421319796,
    "ACHBUSD": 12147.239263803682,
    "LEVERBUSD": 27205.27617477329,
    "VIDTBUSD": 3500.7072135785006,
    "BONDBUSD": 27.190332326283986,
    "ACABUSD": 778.3018867924528,
    "AMPBUSD": 30745.34161490683,
    "BADGERBUSD": 41.596638655462186,
    "BTTCBUSD": 154687500,
    "PSGBUSD": 14.601769911504425,
    "OOKIBUSD": 30650.15479876161,
    "GTOBUSD": 6118.665018541409,
    "BTCSTBUSD": 40.74074074074074,
    "HNTBUSD": 52.94117647058823,
    "CTXCBUSD": 575.2469494479953,
    "SNTBUSD": 4643.527204502814,
    "AUTOBUSD": 0.4218150830847891,
    "CFXBUSD": 3928.5714285714284
  }
}
